id,userid,picture_name,position
1,1,hhetero1.jpg,1
2,2,hhetero3.jpg,1
3,3,hhetero2.jpg,1
4,4,hhetero3.jpg,1
5,5,hhetero1.jpg,1
6,6,hhetero3.jpg,1
7,7,hhetero2.jpg,1
8,8,hhetero1.jpg,1
9,9,hhetero1.jpg,1
10,10,hhetero3.jpg,1
11,11,hhetero3.jpg,1
12,12,hhetero3.jpg,1
13,13,hhetero3.jpg,1
14,14,hhetero2.jpg,1
15,15,hhetero1.jpg,1
16,16,hhetero2.jpg,1
17,17,hhetero1.jpg,1
18,18,hhetero1.jpg,1
19,19,hhetero3.jpg,1
20,20,hhetero1.jpg,1
21,21,hhetero1.jpg,1
22,22,hhetero2.jpg,1
23,23,hhetero3.jpg,1
24,24,hhetero3.jpg,1
25,25,hhetero3.jpg,1
26,26,hhetero3.jpg,1
27,27,hhetero3.jpg,1
28,28,hhetero3.jpg,1
29,29,hhetero2.jpg,1
30,30,hhetero1.jpg,1
31,31,hhetero3.jpg,1
32,32,hhetero3.jpg,1
33,33,hhetero3.jpg,1
34,34,hhetero2.jpg,1
35,35,hhetero2.jpg,1
36,36,hhetero1.jpg,1
37,37,hhetero2.jpg,1
38,38,hhetero2.jpg,1
39,39,hhetero2.jpg,1
40,40,hhetero1.jpg,1
41,41,hhetero2.jpg,1
42,42,hhetero3.jpg,1
43,43,hhetero3.jpg,1
44,44,hhetero2.jpg,1
45,45,hhetero3.jpg,1
46,46,hhetero3.jpg,1
47,47,hhetero1.jpg,1
48,48,hhetero1.jpg,1
49,49,hhetero1.jpg,1
50,50,hhetero1.jpg,1
51,51,hhetero3.jpg,1
52,52,hhetero2.jpg,1
53,53,hhetero1.jpg,1
54,54,hhetero2.jpg,1
55,55,hhetero3.jpg,1
56,56,hhetero1.jpg,1
57,57,hhetero2.jpg,1
58,58,hhetero3.jpg,1
59,59,hhetero2.jpg,1
60,60,hhetero1.jpg,1
61,61,hhetero3.jpg,1
62,62,hhetero2.jpg,1
63,63,hhetero1.jpg,1
64,64,hhetero1.jpg,1
65,65,hhetero3.jpg,1
66,66,hhetero3.jpg,1
67,67,hhetero3.jpg,1
68,68,hhetero3.jpg,1
69,69,hhetero2.jpg,1
70,70,hhetero3.jpg,1
71,71,hhetero2.jpg,1
72,72,hhetero2.jpg,1
73,73,hhetero1.jpg,1
74,74,hhetero3.jpg,1
75,75,hhetero2.jpg,1
76,76,hhetero1.jpg,1
77,77,hhetero3.jpg,1
78,78,hhetero3.jpg,1
79,79,hhetero2.jpg,1
80,80,hhetero3.jpg,1
81,81,hhetero1.jpg,1
82,82,hhetero3.jpg,1
83,83,hhetero3.jpg,1
84,84,hhetero3.jpg,1
85,85,hhetero3.jpg,1
86,86,hhetero3.jpg,1
87,87,hhetero3.jpg,1
88,88,hhetero1.jpg,1
89,89,hhetero3.jpg,1
90,90,hhetero2.jpg,1
91,91,hhetero2.jpg,1
92,92,hhetero1.jpg,1
93,93,hhetero3.jpg,1
94,94,hhetero1.jpg,1
95,95,hhetero1.jpg,1
96,96,hhetero3.jpg,1
97,97,hhetero3.jpg,1
98,98,hhetero1.jpg,1
99,99,hhetero3.jpg,1
100,100,hhetero3.jpg,1
101,101,hhetero3.jpg,1
102,102,hhetero1.jpg,1
103,103,hhetero2.jpg,1
104,104,hhetero2.jpg,1
105,105,hhetero2.jpg,1
106,106,hhetero2.jpg,1
107,107,hhetero2.jpg,1
108,108,hhetero2.jpg,1
109,109,hhetero2.jpg,1
110,110,hhetero2.jpg,1
111,111,hhetero1.jpg,1
112,112,hhetero2.jpg,1
113,113,hhetero2.jpg,1
114,114,hhetero2.jpg,1
115,115,hhetero3.jpg,1
116,116,hhetero3.jpg,1
117,117,hhetero3.jpg,1
118,118,hhetero3.jpg,1
119,119,hhetero2.jpg,1
120,120,hhetero3.jpg,1
121,121,hhetero1.jpg,1
122,122,hhetero1.jpg,1
123,123,hhetero3.jpg,1
124,124,hhetero3.jpg,1
125,125,hhetero2.jpg,1
126,126,hhetero2.jpg,1
127,127,hhetero1.jpg,1
128,128,hhetero3.jpg,1
129,129,hhetero3.jpg,1
130,130,hhetero3.jpg,1
131,131,hhetero2.jpg,1
132,132,hhetero3.jpg,1
133,133,hhetero2.jpg,1
134,134,hhetero3.jpg,1
135,135,hhetero3.jpg,1
136,136,hhetero2.jpg,1
137,137,hhetero2.jpg,1
138,138,hhetero3.jpg,1
139,139,hhetero1.jpg,1
140,140,hhetero2.jpg,1
141,141,hhetero3.jpg,1
142,142,hhetero1.jpg,1
143,143,hhetero2.jpg,1
144,144,hhetero3.jpg,1
145,145,hhetero3.jpg,1
146,146,hhetero1.jpg,1
147,147,hhetero1.jpg,1
148,148,hhetero3.jpg,1
149,149,hhetero1.jpg,1
150,150,hhetero3.jpg,1
151,151,hhetero2.jpg,1
152,152,hhetero1.jpg,1
153,153,hhetero3.jpg,1
154,154,hhetero3.jpg,1
155,155,hhetero3.jpg,1
156,156,hhetero3.jpg,1
157,157,hhetero3.jpg,1
158,158,hhetero3.jpg,1
159,159,hhetero3.jpg,1
160,160,hhetero1.jpg,1
161,161,hhetero3.jpg,1
162,162,hhetero3.jpg,1
163,163,hhetero1.jpg,1
164,164,hhetero1.jpg,1
165,165,hhetero3.jpg,1
166,166,hhetero3.jpg,1
167,167,hhetero3.jpg,1
168,168,hhetero1.jpg,1
169,169,gay1.jpg,1
170,170,gay2.jpg,1
171,171,gay3.jpg,1
172,172,gay2.jpg,1
173,173,gay3.jpg,1
174,174,gay1.jpg,1
175,175,gay3.jpg,1
176,176,gay1.jpg,1
177,177,gay1.jpg,1
178,178,gay1.jpg,1
179,179,gay3.jpg,1
180,180,gay1.jpg,1
181,181,gay1.jpg,1
182,182,gay2.jpg,1
183,183,gay2.jpg,1
184,184,gay1.jpg,1
185,185,gay3.jpg,1
186,186,gay2.jpg,1
187,187,gay3.jpg,1
188,188,gay3.jpg,1
189,189,gay3.jpg,1
190,190,gay1.jpg,1
191,191,gay3.jpg,1
192,192,gay2.jpg,1
193,193,gay2.jpg,1
194,194,gay2.jpg,1
195,195,gay3.jpg,1
196,196,gay2.jpg,1
197,197,gay3.jpg,1
198,198,gay2.jpg,1
199,199,gay3.jpg,1
200,200,gay3.jpg,1
201,201,gay1.jpg,1
202,202,gay2.jpg,1
203,203,gay3.jpg,1
204,204,gay3.jpg,1
205,205,gay3.jpg,1
206,206,gay3.jpg,1
207,207,gay2.jpg,1
208,208,gay2.jpg,1
209,209,gay2.jpg,1
210,210,gay2.jpg,1
211,211,gay1.jpg,1
212,212,gay3.jpg,1
213,213,gay1.jpg,1
214,214,gay1.jpg,1
215,215,gay3.jpg,1
216,216,gay3.jpg,1
217,217,gay3.jpg,1
218,218,gay1.jpg,1
219,219,gay3.jpg,1
220,220,gay3.jpg,1
221,221,gay3.jpg,1
222,222,gay2.jpg,1
223,223,gay2.jpg,1
224,224,gay1.jpg,1
225,225,gay3.jpg,1
226,226,gay3.jpg,1
227,227,gay1.jpg,1
228,228,gay2.jpg,1
229,229,gay1.jpg,1
230,230,gay3.jpg,1
231,231,gay3.jpg,1
232,232,gay3.jpg,1
233,233,gay2.jpg,1
234,234,gay3.jpg,1
235,235,gay2.jpg,1
236,236,gay2.jpg,1
237,237,gay2.jpg,1
238,238,gay3.jpg,1
239,239,gay1.jpg,1
240,240,gay1.jpg,1
241,241,gay1.jpg,1
242,242,gay3.jpg,1
243,243,gay3.jpg,1
244,244,gay3.jpg,1
245,245,gay1.jpg,1
246,246,gay3.jpg,1
247,247,gay3.jpg,1
248,248,gay2.jpg,1
249,249,gay2.jpg,1
250,250,gay3.jpg,1
251,251,gay1.jpg,1
252,252,gay3.jpg,1
253,253,gay3.jpg,1
254,254,gay3.jpg,1
255,255,gay3.jpg,1
256,256,gay3.jpg,1
257,257,gay1.jpg,1
258,258,gay3.jpg,1
259,259,gay3.jpg,1
260,260,gay1.jpg,1
261,261,gay1.jpg,1
262,262,gay3.jpg,1
263,263,gay3.jpg,1
264,264,gay2.jpg,1
265,265,gay1.jpg,1
266,266,gay2.jpg,1
267,267,gay1.jpg,1
268,268,gay1.jpg,1
269,269,gay3.jpg,1
270,270,gay3.jpg,1
271,271,gay3.jpg,1
272,272,gay3.jpg,1
273,273,gay3.jpg,1
274,274,gay2.jpg,1
275,275,gay1.jpg,1
276,276,gay2.jpg,1
277,277,gay3.jpg,1
278,278,gay1.jpg,1
279,279,gay3.jpg,1
280,280,gay3.jpg,1
281,281,gay1.jpg,1
282,282,gay3.jpg,1
283,283,gay1.jpg,1
284,284,gay2.jpg,1
285,285,gay1.jpg,1
286,286,gay1.jpg,1
287,287,gay3.jpg,1
288,288,gay3.jpg,1
289,289,gay2.jpg,1
290,290,gay3.jpg,1
291,291,gay3.jpg,1
292,292,gay3.jpg,1
293,293,gay3.jpg,1
294,294,gay1.jpg,1
295,295,gay3.jpg,1
296,296,gay1.jpg,1
297,297,gay1.jpg,1
298,298,gay2.jpg,1
299,299,gay3.jpg,1
300,300,gay3.jpg,1
301,301,gay2.jpg,1
302,302,gay3.jpg,1
303,303,gay1.jpg,1
304,304,gay3.jpg,1
305,305,gay3.jpg,1
306,306,gay2.jpg,1
307,307,gay3.jpg,1
308,308,gay1.jpg,1
309,309,gay2.jpg,1
310,310,gay3.jpg,1
311,311,gay3.jpg,1
312,312,gay3.jpg,1
313,313,gay2.jpg,1
314,314,gay2.jpg,1
315,315,gay2.jpg,1
316,316,gay2.jpg,1
317,317,gay3.jpg,1
318,318,gay3.jpg,1
319,319,gay1.jpg,1
320,320,gay3.jpg,1
321,321,gay2.jpg,1
322,322,gay3.jpg,1
323,323,gay1.jpg,1
324,324,gay1.jpg,1
325,325,gay2.jpg,1
326,326,gay2.jpg,1
327,327,gay1.jpg,1
328,328,gay3.jpg,1
329,329,gay3.jpg,1
330,330,gay3.jpg,1
331,331,gay2.jpg,1
332,332,gay3.jpg,1
333,333,gay3.jpg,1
334,334,gay1.jpg,1
335,335,hhetero3.jpg,1
336,336,gay3.jpg,1
337,337,hhetero3.jpg,1
338,338,gay3.jpg,1
339,339,gay3.jpg,1
340,340,gay3.jpg,1
341,341,hhetero2.jpg,1
342,342,hhetero3.jpg,1
343,343,gay1.jpg,1
344,344,hhetero3.jpg,1
345,345,hhetero3.jpg,1
346,346,hhetero3.jpg,1
347,347,hhetero3.jpg,1
348,348,hhetero3.jpg,1
349,349,gay2.jpg,1
350,350,gay3.jpg,1
351,351,gay3.jpg,1
352,352,gay3.jpg,1
353,353,hhetero3.jpg,1
354,354,gay2.jpg,1
355,355,gay2.jpg,1
356,356,gay3.jpg,1
357,357,gay2.jpg,1
358,358,gay3.jpg,1
359,359,gay3.jpg,1
360,360,gay3.jpg,1
361,361,gay3.jpg,1
362,362,gay3.jpg,1
363,363,gay3.jpg,1
364,364,gay2.jpg,1
365,365,gay3.jpg,1
366,366,gay2.jpg,1
367,367,gay1.jpg,1
368,368,gay3.jpg,1
369,369,hhetero1.jpg,1
370,370,gay3.jpg,1
371,371,gay2.jpg,1
372,372,gay2.jpg,1
373,373,gay2.jpg,1
374,374,gay3.jpg,1
375,375,gay3.jpg,1
376,376,gay3.jpg,1
377,377,hhetero3.jpg,1
378,378,gay3.jpg,1
379,379,hhetero3.jpg,1
380,380,gay3.jpg,1
381,381,gay3.jpg,1
382,382,gay3.jpg,1
383,383,hhetero3.jpg,1
384,384,hhetero2.jpg,1
385,385,gay3.jpg,1
386,386,gay3.jpg,1
387,387,gay3.jpg,1
388,388,gay2.jpg,1
389,389,hhetero2.jpg,1
390,390,gay3.jpg,1
391,391,gay3.jpg,1
392,392,hhetero2.jpg,1
393,393,gay3.jpg,1
394,394,hhetero3.jpg,1
395,395,gay3.jpg,1
396,396,gay2.jpg,1
397,397,gay2.jpg,1
398,398,gay3.jpg,1
399,399,hhetero2.jpg,1
400,400,gay3.jpg,1
401,401,hhetero3.jpg,1
402,402,gay3.jpg,1
403,403,gay3.jpg,1
404,404,hhetero2.jpg,1
405,405,hhetero3.jpg,1
406,406,hhetero3.jpg,1
407,407,gay2.jpg,1
408,408,gay3.jpg,1
409,409,hhetero3.jpg,1
410,410,gay2.jpg,1
411,411,gay3.jpg,1
412,412,gay3.jpg,1
413,413,gay3.jpg,1
414,414,gay3.jpg,1
415,415,hhetero1.jpg,1
416,416,gay3.jpg,1
417,417,hhetero2.jpg,1
418,418,gay3.jpg,1
419,419,gay3.jpg,1
420,420,gay3.jpg,1
421,421,hhetero3.jpg,1
422,422,gay3.jpg,1
423,423,gay3.jpg,1
424,424,gay1.jpg,1
425,425,gay3.jpg,1
426,426,gay3.jpg,1
427,427,gay3.jpg,1
428,428,gay3.jpg,1
429,429,hhetero1.jpg,1
430,430,gay1.jpg,1
431,431,hhetero3.jpg,1
432,432,hhetero3.jpg,1
433,433,gay3.jpg,1
434,434,gay3.jpg,1
435,435,hhetero3.jpg,1
436,436,gay2.jpg,1
437,437,gay3.jpg,1
438,438,gay3.jpg,1
439,439,gay3.jpg,1
440,440,hhetero3.jpg,1
441,441,gay2.jpg,1
442,442,gay3.jpg,1
443,443,hhetero3.jpg,1
444,444,gay3.jpg,1
445,445,hhetero3.jpg,1
446,446,gay3.jpg,1
447,447,gay3.jpg,1
448,448,hhetero2.jpg,1
449,449,gay3.jpg,1
450,450,gay3.jpg,1
451,451,gay3.jpg,1
452,452,hhetero2.jpg,1
453,453,hhetero3.jpg,1
454,454,hhetero2.jpg,1
455,455,hhetero3.jpg,1
456,456,gay3.jpg,1
457,457,hhetero3.jpg,1
458,458,gay3.jpg,1
459,459,gay3.jpg,1
460,460,hhetero2.jpg,1
461,461,hhetero3.jpg,1
462,462,gay3.jpg,1
463,463,hhetero3.jpg,1
464,464,gay3.jpg,1
465,465,gay3.jpg,1
466,466,hhetero2.jpg,1
467,467,hhetero2.jpg,1
468,468,hhetero3.jpg,1
469,469,gay3.jpg,1
470,470,hhetero3.jpg,1
471,471,hhetero3.jpg,1
472,472,hhetero3.jpg,1
473,473,hhetero2.jpg,1
474,474,hhetero3.jpg,1
475,475,gay3.jpg,1
476,476,hhetero3.jpg,1
477,477,gay3.jpg,1
478,478,gay2.jpg,1
479,479,hhetero3.jpg,1
480,480,gay3.jpg,1
481,481,hhetero2.jpg,1
482,482,gay3.jpg,1
483,483,gay1.jpg,1
484,484,gay3.jpg,1
485,485,gay3.jpg,1
486,486,gay3.jpg,1
487,487,gay3.jpg,1
488,488,gay3.jpg,1
489,489,gay3.jpg,1
490,490,gay3.jpg,1
491,491,hhetero3.jpg,1
492,492,gay2.jpg,1
493,493,hhetero3.jpg,1
494,494,gay3.jpg,1
495,495,hhetero1.jpg,1
496,496,hhetero3.jpg,1
497,497,hhetero3.jpg,1
498,498,hhetero3.jpg,1
499,499,hhetero3.jpg,1
500,500,gay3.jpg,1
501,501,fhetero3.jpg,1
502,502,fhetero2.jpg,1
503,503,fhetero3.jpg,1
504,504,fhetero3.jpg,1
505,505,fhetero3.jpg,1
506,506,fhetero1.jpg,1
507,507,fhetero3.jpg,1
508,508,fhetero3.jpg,1
509,509,fhetero2.jpg,1
510,510,fhetero2.jpg,1
511,511,fhetero1.jpg,1
512,512,fhetero1.jpg,1
513,513,fhetero1.jpg,1
514,514,fhetero1.jpg,1
515,515,fhetero3.jpg,1
516,516,fhetero3.jpg,1
517,517,fhetero1.jpg,1
518,518,fhetero2.jpg,1
519,519,fhetero3.jpg,1
520,520,fhetero1.jpg,1
521,521,fhetero3.jpg,1
522,522,fhetero2.jpg,1
523,523,fhetero1.jpg,1
524,524,fhetero3.jpg,1
525,525,fhetero3.jpg,1
526,526,fhetero1.jpg,1
527,527,fhetero1.jpg,1
528,528,fhetero1.jpg,1
529,529,fhetero3.jpg,1
530,530,fhetero3.jpg,1
531,531,fhetero3.jpg,1
532,532,fhetero3.jpg,1
533,533,fhetero3.jpg,1
534,534,fhetero3.jpg,1
535,535,fhetero2.jpg,1
536,536,fhetero3.jpg,1
537,537,fhetero2.jpg,1
538,538,fhetero3.jpg,1
539,539,fhetero3.jpg,1
540,540,fhetero3.jpg,1
541,541,fhetero3.jpg,1
542,542,fhetero2.jpg,1
543,543,fhetero3.jpg,1
544,544,fhetero2.jpg,1
545,545,fhetero2.jpg,1
546,546,fhetero3.jpg,1
547,547,fhetero2.jpg,1
548,548,fhetero2.jpg,1
549,549,fhetero3.jpg,1
550,550,fhetero3.jpg,1
551,551,fhetero3.jpg,1
552,552,fhetero2.jpg,1
553,553,fhetero2.jpg,1
554,554,fhetero2.jpg,1
555,555,fhetero3.jpg,1
556,556,fhetero2.jpg,1
557,557,fhetero3.jpg,1
558,558,fhetero2.jpg,1
559,559,fhetero3.jpg,1
560,560,fhetero1.jpg,1
561,561,fhetero3.jpg,1
562,562,fhetero3.jpg,1
563,563,fhetero3.jpg,1
564,564,fhetero1.jpg,1
565,565,fhetero3.jpg,1
566,566,fhetero3.jpg,1
567,567,fhetero1.jpg,1
568,568,fhetero3.jpg,1
569,569,fhetero1.jpg,1
570,570,fhetero2.jpg,1
571,571,fhetero3.jpg,1
572,572,fhetero3.jpg,1
573,573,fhetero3.jpg,1
574,574,fhetero3.jpg,1
575,575,fhetero1.jpg,1
576,576,fhetero3.jpg,1
577,577,fhetero3.jpg,1
578,578,fhetero3.jpg,1
579,579,fhetero3.jpg,1
580,580,fhetero2.jpg,1
581,581,fhetero3.jpg,1
582,582,fhetero3.jpg,1
583,583,fhetero1.jpg,1
584,584,fhetero1.jpg,1
585,585,fhetero3.jpg,1
586,586,fhetero3.jpg,1
587,587,fhetero1.jpg,1
588,588,fhetero3.jpg,1
589,589,fhetero3.jpg,1
590,590,fhetero2.jpg,1
591,591,fhetero3.jpg,1
592,592,fhetero2.jpg,1
593,593,fhetero2.jpg,1
594,594,fhetero3.jpg,1
595,595,fhetero1.jpg,1
596,596,fhetero3.jpg,1
597,597,fhetero3.jpg,1
598,598,fhetero3.jpg,1
599,599,fhetero1.jpg,1
600,600,fhetero1.jpg,1
601,601,fhetero3.jpg,1
602,602,fhetero3.jpg,1
603,603,fhetero1.jpg,1
604,604,fhetero2.jpg,1
605,605,fhetero2.jpg,1
606,606,fhetero2.jpg,1
607,607,fhetero1.jpg,1
608,608,fhetero2.jpg,1
609,609,fhetero3.jpg,1
610,610,fhetero3.jpg,1
611,611,fhetero2.jpg,1
612,612,fhetero3.jpg,1
613,613,fhetero1.jpg,1
614,614,fhetero3.jpg,1
615,615,fhetero3.jpg,1
616,616,fhetero3.jpg,1
617,617,fhetero1.jpg,1
618,618,fhetero3.jpg,1
619,619,fhetero3.jpg,1
620,620,fhetero1.jpg,1
621,621,fhetero3.jpg,1
622,622,fhetero1.jpg,1
623,623,fhetero2.jpg,1
624,624,fhetero2.jpg,1
625,625,fhetero1.jpg,1
626,626,fhetero3.jpg,1
627,627,fhetero3.jpg,1
628,628,fhetero3.jpg,1
629,629,fhetero3.jpg,1
630,630,fhetero3.jpg,1
631,631,fhetero3.jpg,1
632,632,fhetero2.jpg,1
633,633,fhetero1.jpg,1
634,634,fhetero3.jpg,1
635,635,fhetero2.jpg,1
636,636,fhetero3.jpg,1
637,637,fhetero1.jpg,1
638,638,fhetero3.jpg,1
639,639,fhetero3.jpg,1
640,640,fhetero3.jpg,1
641,641,fhetero2.jpg,1
642,642,fhetero3.jpg,1
643,643,fhetero3.jpg,1
644,644,fhetero3.jpg,1
645,645,fhetero1.jpg,1
646,646,fhetero2.jpg,1
647,647,fhetero2.jpg,1
648,648,fhetero2.jpg,1
649,649,fhetero3.jpg,1
650,650,fhetero3.jpg,1
651,651,fhetero1.jpg,1
652,652,fhetero2.jpg,1
653,653,fhetero1.jpg,1
654,654,fhetero1.jpg,1
655,655,fhetero2.jpg,1
656,656,fhetero3.jpg,1
657,657,fhetero2.jpg,1
658,658,fhetero1.jpg,1
659,659,fhetero3.jpg,1
660,660,fhetero3.jpg,1
661,661,fhetero1.jpg,1
662,662,fhetero3.jpg,1
663,663,fhetero3.jpg,1
664,664,fhetero1.jpg,1
665,665,fhetero3.jpg,1
666,666,succube.jpg,1
667,667,lesbian2.jpg,1
668,668,lesbian3.jpg,1
669,669,lesbian3.jpg,1
670,670,lesbian3.jpg,1
671,671,lesbian3.jpg,1
672,672,lesbian2.jpg,1
673,673,lesbian2.jpg,1
674,674,lesbian3.jpg,1
675,675,lesbian3.jpg,1
676,676,lesbian1.jpg,1
677,677,lesbian2.jpg,1
678,678,lesbian3.jpg,1
679,679,lesbian3.jpg,1
680,680,lesbian1.jpg,1
681,681,lesbian3.jpg,1
682,682,lesbian2.jpg,1
683,683,lesbian3.jpg,1
684,684,lesbian1.jpg,1
685,685,lesbian2.jpg,1
686,686,lesbian3.jpg,1
687,687,lesbian3.jpg,1
688,688,lesbian1.jpg,1
689,689,lesbian3.jpg,1
690,690,lesbian1.jpg,1
691,691,lesbian2.jpg,1
692,692,lesbian1.jpg,1
693,693,lesbian1.jpg,1
694,694,lesbian3.jpg,1
695,695,lesbian1.jpg,1
696,696,lesbian3.jpg,1
697,697,lesbian3.jpg,1
698,698,lesbian3.jpg,1
699,699,lesbian2.jpg,1
700,700,lesbian1.jpg,1
701,701,lesbian1.jpg,1
702,702,lesbian2.jpg,1
703,703,lesbian3.jpg,1
704,704,lesbian3.jpg,1
705,705,lesbian3.jpg,1
706,706,lesbian2.jpg,1
707,707,lesbian2.jpg,1
708,708,lesbian1.jpg,1
709,709,lesbian2.jpg,1
710,710,lesbian3.jpg,1
711,711,lesbian3.jpg,1
712,712,lesbian3.jpg,1
713,713,lesbian3.jpg,1
714,714,lesbian1.jpg,1
715,715,lesbian3.jpg,1
716,716,lesbian2.jpg,1
717,717,lesbian3.jpg,1
718,718,lesbian1.jpg,1
719,719,lesbian3.jpg,1
720,720,lesbian3.jpg,1
721,721,lesbian2.jpg,1
722,722,lesbian2.jpg,1
723,723,lesbian3.jpg,1
724,724,lesbian3.jpg,1
725,725,lesbian1.jpg,1
726,726,lesbian2.jpg,1
727,727,lesbian1.jpg,1
728,728,lesbian2.jpg,1
729,729,lesbian2.jpg,1
730,730,lesbian3.jpg,1
731,731,lesbian3.jpg,1
732,732,lesbian3.jpg,1
733,733,lesbian2.jpg,1
734,734,lesbian2.jpg,1
735,735,lesbian2.jpg,1
736,736,lesbian3.jpg,1
737,737,lesbian2.jpg,1
738,738,lesbian2.jpg,1
739,739,lesbian2.jpg,1
740,740,lesbian1.jpg,1
741,741,lesbian1.jpg,1
742,742,lesbian2.jpg,1
743,743,lesbian3.jpg,1
744,744,lesbian3.jpg,1
745,745,lesbian2.jpg,1
746,746,lesbian3.jpg,1
747,747,lesbian2.jpg,1
748,748,lesbian2.jpg,1
749,749,lesbian3.jpg,1
750,750,lesbian2.jpg,1
751,751,lesbian3.jpg,1
752,752,lesbian3.jpg,1
753,753,lesbian3.jpg,1
754,754,lesbian3.jpg,1
755,755,lesbian3.jpg,1
756,756,lesbian2.jpg,1
757,757,lesbian3.jpg,1
758,758,lesbian1.jpg,1
759,759,lesbian3.jpg,1
760,760,lesbian2.jpg,1
761,761,lesbian2.jpg,1
762,762,lesbian3.jpg,1
763,763,lesbian3.jpg,1
764,764,lesbian3.jpg,1
765,765,lesbian3.jpg,1
766,766,lesbian3.jpg,1
767,767,lesbian3.jpg,1
768,768,lesbian1.jpg,1
769,769,lesbian3.jpg,1
770,770,lesbian1.jpg,1
771,771,lesbian3.jpg,1
772,772,lesbian3.jpg,1
773,773,lesbian1.jpg,1
774,774,lesbian1.jpg,1
775,775,lesbian1.jpg,1
776,776,lesbian3.jpg,1
777,777,lesbian3.jpg,1
778,778,lesbian2.jpg,1
779,779,lesbian2.jpg,1
780,780,lesbian3.jpg,1
781,781,lesbian1.jpg,1
782,782,lesbian3.jpg,1
783,783,lesbian1.jpg,1
784,784,lesbian2.jpg,1
785,785,lesbian2.jpg,1
786,786,lesbian1.jpg,1
787,787,lesbian2.jpg,1
788,788,lesbian2.jpg,1
789,789,lesbian2.jpg,1
790,790,lesbian2.jpg,1
791,791,lesbian1.jpg,1
792,792,lesbian2.jpg,1
793,793,lesbian3.jpg,1
794,794,lesbian2.jpg,1
795,795,lesbian1.jpg,1
796,796,lesbian3.jpg,1
797,797,lesbian2.jpg,1
798,798,lesbian3.jpg,1
799,799,lesbian2.jpg,1
800,800,lesbian1.jpg,1
801,801,lesbian3.jpg,1
802,802,lesbian2.jpg,1
803,803,lesbian2.jpg,1
804,804,lesbian3.jpg,1
805,805,lesbian1.jpg,1
806,806,lesbian2.jpg,1
807,807,lesbian3.jpg,1
808,808,lesbian3.jpg,1
809,809,lesbian3.jpg,1
810,810,lesbian3.jpg,1
811,811,lesbian3.jpg,1
812,812,lesbian3.jpg,1
813,813,lesbian2.jpg,1
814,814,lesbian3.jpg,1
815,815,lesbian1.jpg,1
816,816,lesbian3.jpg,1
817,817,lesbian2.jpg,1
818,818,lesbian2.jpg,1
819,819,lesbian3.jpg,1
820,820,lesbian3.jpg,1
821,821,lesbian1.jpg,1
822,822,lesbian1.jpg,1
823,823,lesbian2.jpg,1
824,824,lesbian1.jpg,1
825,825,lesbian3.jpg,1
826,826,lesbian3.jpg,1
827,827,lesbian2.jpg,1
828,828,lesbian3.jpg,1
829,829,lesbian2.jpg,1
830,830,lesbian3.jpg,1
831,831,lesbian2.jpg,1
832,832,lesbian3.jpg,1
833,833,fhetero1.jpg,1
834,834,fhetero1.jpg,1
835,835,fhetero2.jpg,1
836,836,fhetero1.jpg,1
837,837,fhetero3.jpg,1
838,838,fhetero2.jpg,1
839,839,fhetero2.jpg,1
840,840,fhetero3.jpg,1
841,841,lesbian1.jpg,1
842,842,fhetero3.jpg,1
843,843,fhetero3.jpg,1
844,844,fhetero3.jpg,1
845,845,fhetero2.jpg,1
846,846,fhetero3.jpg,1
847,847,fhetero3.jpg,1
848,848,fhetero3.jpg,1
849,849,fhetero3.jpg,1
850,850,lesbian2.jpg,1
851,851,fhetero1.jpg,1
852,852,fhetero1.jpg,1
853,853,fhetero1.jpg,1
854,854,fhetero2.jpg,1
855,855,fhetero1.jpg,1
856,856,fhetero3.jpg,1
857,857,fhetero3.jpg,1
858,858,lesbian2.jpg,1
859,859,fhetero3.jpg,1
860,860,fhetero3.jpg,1
861,861,fhetero3.jpg,1
862,862,fhetero2.jpg,1
863,863,fhetero3.jpg,1
864,864,fhetero2.jpg,1
865,865,fhetero1.jpg,1
866,866,fhetero2.jpg,1
867,867,fhetero3.jpg,1
868,868,fhetero3.jpg,1
869,869,fhetero3.jpg,1
870,870,fhetero3.jpg,1
871,871,fhetero3.jpg,1
872,872,lesbian3.jpg,1
873,873,fhetero3.jpg,1
874,874,fhetero2.jpg,1
875,875,fhetero3.jpg,1
876,876,fhetero2.jpg,1
877,877,fhetero3.jpg,1
878,878,fhetero3.jpg,1
879,879,lesbian3.jpg,1
880,880,fhetero2.jpg,1
881,881,fhetero2.jpg,1
882,882,fhetero3.jpg,1
883,883,fhetero2.jpg,1
884,884,fhetero1.jpg,1
885,885,fhetero3.jpg,1
886,886,fhetero2.jpg,1
887,887,fhetero2.jpg,1
888,888,lesbian1.jpg,1
889,889,fhetero3.jpg,1
890,890,lesbian2.jpg,1
891,891,fhetero2.jpg,1
892,892,fhetero1.jpg,1
893,893,fhetero3.jpg,1
894,894,fhetero3.jpg,1
895,895,fhetero2.jpg,1
896,896,fhetero2.jpg,1
897,897,fhetero3.jpg,1
898,898,fhetero1.jpg,1
899,899,lesbian2.jpg,1
900,900,lesbian3.jpg,1
901,901,fhetero3.jpg,1
902,902,fhetero3.jpg,1
903,903,fhetero3.jpg,1
904,904,fhetero2.jpg,1
905,905,fhetero1.jpg,1
906,906,lesbian2.jpg,1
907,907,fhetero3.jpg,1
908,908,fhetero2.jpg,1
909,909,fhetero3.jpg,1
910,910,lesbian1.jpg,1
911,911,fhetero2.jpg,1
912,912,lesbian1.jpg,1
913,913,fhetero3.jpg,1
914,914,fhetero2.jpg,1
915,915,fhetero1.jpg,1
916,916,fhetero3.jpg,1
917,917,fhetero2.jpg,1
918,918,fhetero2.jpg,1
919,919,fhetero2.jpg,1
920,920,fhetero3.jpg,1
921,921,lesbian2.jpg,1
922,922,lesbian3.jpg,1
923,923,lesbian2.jpg,1
924,924,lesbian2.jpg,1
925,925,fhetero1.jpg,1
926,926,fhetero2.jpg,1
927,927,fhetero3.jpg,1
928,928,fhetero3.jpg,1
929,929,fhetero3.jpg,1
930,930,fhetero3.jpg,1
931,931,fhetero3.jpg,1
932,932,fhetero3.jpg,1
933,933,fhetero3.jpg,1
934,934,fhetero2.jpg,1
935,935,fhetero1.jpg,1
936,936,fhetero1.jpg,1
937,937,fhetero2.jpg,1
938,938,fhetero2.jpg,1
939,939,fhetero3.jpg,1
940,940,fhetero3.jpg,1
941,941,fhetero3.jpg,1
942,942,fhetero3.jpg,1
943,943,fhetero3.jpg,1
944,944,fhetero2.jpg,1
945,945,fhetero2.jpg,1
946,946,fhetero2.jpg,1
947,947,fhetero3.jpg,1
948,948,lesbian3.jpg,1
949,949,fhetero3.jpg,1
950,950,fhetero3.jpg,1
951,951,fhetero3.jpg,1
952,952,fhetero2.jpg,1
953,953,fhetero3.jpg,1
954,954,fhetero3.jpg,1
955,955,fhetero3.jpg,1
956,956,fhetero3.jpg,1
957,957,lesbian1.jpg,1
958,958,lesbian3.jpg,1
959,959,fhetero2.jpg,1
960,960,fhetero2.jpg,1
961,961,fhetero3.jpg,1
962,962,fhetero3.jpg,1
963,963,fhetero2.jpg,1
964,964,fhetero2.jpg,1
965,965,fhetero3.jpg,1
966,966,fhetero2.jpg,1
967,967,fhetero3.jpg,1
968,968,fhetero3.jpg,1
969,969,fhetero2.jpg,1
970,970,fhetero3.jpg,1
971,971,fhetero3.jpg,1
972,972,fhetero1.jpg,1
973,973,fhetero3.jpg,1
974,974,fhetero2.jpg,1
975,975,fhetero2.jpg,1
976,976,fhetero3.jpg,1
977,977,fhetero3.jpg,1
978,978,fhetero3.jpg,1
979,979,fhetero3.jpg,1
980,980,fhetero3.jpg,1
981,981,fhetero3.jpg,1
982,982,fhetero1.jpg,1
983,983,lesbian3.jpg,1
984,984,fhetero1.jpg,1
985,985,lesbian3.jpg,1
986,986,lesbian3.jpg,1
987,987,fhetero2.jpg,1
988,988,fhetero3.jpg,1
989,989,fhetero3.jpg,1
990,990,fhetero3.jpg,1
991,991,fhetero3.jpg,1
992,992,fhetero2.jpg,1
993,993,fhetero3.jpg,1
994,994,fhetero1.jpg,1
995,995,fhetero3.jpg,1
996,996,fhetero2.jpg,1
997,997,lesbian3.jpg,1
998,998,fhetero2.jpg,1
999,999,lesbian3.jpg,1
1000,1000,fhetero1.jpg,1
