id,uid,socket_id,session_id
1,1,heyyou,youthere
2,2,heyyou,youthere
3,3,heyyou,youthere
4,4,heyyou,youthere
5,5,heyyou,youthere
6,6,heyyou,youthere
7,7,heyyou,youthere
8,8,heyyou,youthere
9,9,heyyou,youthere
10,10,heyyou,youthere
11,11,heyyou,youthere
12,12,heyyou,youthere
13,13,heyyou,youthere
14,14,heyyou,youthere
15,15,heyyou,youthere
16,16,heyyou,youthere
17,17,heyyou,youthere
18,18,heyyou,youthere
19,19,heyyou,youthere
20,20,heyyou,youthere
21,21,heyyou,youthere
22,22,heyyou,youthere
23,23,heyyou,youthere
24,24,heyyou,youthere
25,25,heyyou,youthere
26,26,heyyou,youthere
27,27,heyyou,youthere
28,28,heyyou,youthere
29,29,heyyou,youthere
30,30,heyyou,youthere
31,31,heyyou,youthere
32,32,heyyou,youthere
33,33,heyyou,youthere
34,34,heyyou,youthere
35,35,heyyou,youthere
36,36,heyyou,youthere
37,37,heyyou,youthere
38,38,heyyou,youthere
39,39,heyyou,youthere
40,40,heyyou,youthere
41,41,heyyou,youthere
42,42,heyyou,youthere
43,43,heyyou,youthere
44,44,heyyou,youthere
45,45,heyyou,youthere
46,46,heyyou,youthere
47,47,heyyou,youthere
48,48,heyyou,youthere
49,49,heyyou,youthere
50,50,heyyou,youthere
51,51,heyyou,youthere
52,52,heyyou,youthere
53,53,heyyou,youthere
54,54,heyyou,youthere
55,55,heyyou,youthere
56,56,heyyou,youthere
57,57,heyyou,youthere
58,58,heyyou,youthere
59,59,heyyou,youthere
60,60,heyyou,youthere
61,61,heyyou,youthere
62,62,heyyou,youthere
63,63,heyyou,youthere
64,64,heyyou,youthere
65,65,heyyou,youthere
66,66,heyyou,youthere
67,67,heyyou,youthere
68,68,heyyou,youthere
69,69,heyyou,youthere
70,70,heyyou,youthere
71,71,heyyou,youthere
72,72,heyyou,youthere
73,73,heyyou,youthere
74,74,heyyou,youthere
75,75,heyyou,youthere
76,76,heyyou,youthere
77,77,heyyou,youthere
78,78,heyyou,youthere
79,79,heyyou,youthere
80,80,heyyou,youthere
81,81,heyyou,youthere
82,82,heyyou,youthere
83,83,heyyou,youthere
84,84,heyyou,youthere
85,85,heyyou,youthere
86,86,heyyou,youthere
87,87,heyyou,youthere
88,88,heyyou,youthere
89,89,heyyou,youthere
90,90,heyyou,youthere
91,91,heyyou,youthere
92,92,heyyou,youthere
93,93,heyyou,youthere
94,94,heyyou,youthere
95,95,heyyou,youthere
96,96,heyyou,youthere
97,97,heyyou,youthere
98,98,heyyou,youthere
99,99,heyyou,youthere
100,100,heyyou,youthere
101,101,heyyou,youthere
102,102,heyyou,youthere
103,103,heyyou,youthere
104,104,heyyou,youthere
105,105,heyyou,youthere
106,106,heyyou,youthere
107,107,heyyou,youthere
108,108,heyyou,youthere
109,109,heyyou,youthere
110,110,heyyou,youthere
111,111,heyyou,youthere
112,112,heyyou,youthere
113,113,heyyou,youthere
114,114,heyyou,youthere
115,115,heyyou,youthere
116,116,heyyou,youthere
117,117,heyyou,youthere
118,118,heyyou,youthere
119,119,heyyou,youthere
120,120,heyyou,youthere
121,121,heyyou,youthere
122,122,heyyou,youthere
123,123,heyyou,youthere
124,124,heyyou,youthere
125,125,heyyou,youthere
126,126,heyyou,youthere
127,127,heyyou,youthere
128,128,heyyou,youthere
129,129,heyyou,youthere
130,130,heyyou,youthere
131,131,heyyou,youthere
132,132,heyyou,youthere
133,133,heyyou,youthere
134,134,heyyou,youthere
135,135,heyyou,youthere
136,136,heyyou,youthere
137,137,heyyou,youthere
138,138,heyyou,youthere
139,139,heyyou,youthere
140,140,heyyou,youthere
141,141,heyyou,youthere
142,142,heyyou,youthere
143,143,heyyou,youthere
144,144,heyyou,youthere
145,145,heyyou,youthere
146,146,heyyou,youthere
147,147,heyyou,youthere
148,148,heyyou,youthere
149,149,heyyou,youthere
150,150,heyyou,youthere
151,151,heyyou,youthere
152,152,heyyou,youthere
153,153,heyyou,youthere
154,154,heyyou,youthere
155,155,heyyou,youthere
156,156,heyyou,youthere
157,157,heyyou,youthere
158,158,heyyou,youthere
159,159,heyyou,youthere
160,160,heyyou,youthere
161,161,heyyou,youthere
162,162,heyyou,youthere
163,163,heyyou,youthere
164,164,heyyou,youthere
165,165,heyyou,youthere
166,166,heyyou,youthere
167,167,heyyou,youthere
168,168,heyyou,youthere
169,169,heyyou,youthere
170,170,heyyou,youthere
171,171,heyyou,youthere
172,172,heyyou,youthere
173,173,heyyou,youthere
174,174,heyyou,youthere
175,175,heyyou,youthere
176,176,heyyou,youthere
177,177,heyyou,youthere
178,178,heyyou,youthere
179,179,heyyou,youthere
180,180,heyyou,youthere
181,181,heyyou,youthere
182,182,heyyou,youthere
183,183,heyyou,youthere
184,184,heyyou,youthere
185,185,heyyou,youthere
186,186,heyyou,youthere
187,187,heyyou,youthere
188,188,heyyou,youthere
189,189,heyyou,youthere
190,190,heyyou,youthere
191,191,heyyou,youthere
192,192,heyyou,youthere
193,193,heyyou,youthere
194,194,heyyou,youthere
195,195,heyyou,youthere
196,196,heyyou,youthere
197,197,heyyou,youthere
198,198,heyyou,youthere
199,199,heyyou,youthere
200,200,heyyou,youthere
201,201,heyyou,youthere
202,202,heyyou,youthere
203,203,heyyou,youthere
204,204,heyyou,youthere
205,205,heyyou,youthere
206,206,heyyou,youthere
207,207,heyyou,youthere
208,208,heyyou,youthere
209,209,heyyou,youthere
210,210,heyyou,youthere
211,211,heyyou,youthere
212,212,heyyou,youthere
213,213,heyyou,youthere
214,214,heyyou,youthere
215,215,heyyou,youthere
216,216,heyyou,youthere
217,217,heyyou,youthere
218,218,heyyou,youthere
219,219,heyyou,youthere
220,220,heyyou,youthere
221,221,heyyou,youthere
222,222,heyyou,youthere
223,223,heyyou,youthere
224,224,heyyou,youthere
225,225,heyyou,youthere
226,226,heyyou,youthere
227,227,heyyou,youthere
228,228,heyyou,youthere
229,229,heyyou,youthere
230,230,heyyou,youthere
231,231,heyyou,youthere
232,232,heyyou,youthere
233,233,heyyou,youthere
234,234,heyyou,youthere
235,235,heyyou,youthere
236,236,heyyou,youthere
237,237,heyyou,youthere
238,238,heyyou,youthere
239,239,heyyou,youthere
240,240,heyyou,youthere
241,241,heyyou,youthere
242,242,heyyou,youthere
243,243,heyyou,youthere
244,244,heyyou,youthere
245,245,heyyou,youthere
246,246,heyyou,youthere
247,247,heyyou,youthere
248,248,heyyou,youthere
249,249,heyyou,youthere
250,250,heyyou,youthere
251,251,heyyou,youthere
252,252,heyyou,youthere
253,253,heyyou,youthere
254,254,heyyou,youthere
255,255,heyyou,youthere
256,256,heyyou,youthere
257,257,heyyou,youthere
258,258,heyyou,youthere
259,259,heyyou,youthere
260,260,heyyou,youthere
261,261,heyyou,youthere
262,262,heyyou,youthere
263,263,heyyou,youthere
264,264,heyyou,youthere
265,265,heyyou,youthere
266,266,heyyou,youthere
267,267,heyyou,youthere
268,268,heyyou,youthere
269,269,heyyou,youthere
270,270,heyyou,youthere
271,271,heyyou,youthere
272,272,heyyou,youthere
273,273,heyyou,youthere
274,274,heyyou,youthere
275,275,heyyou,youthere
276,276,heyyou,youthere
277,277,heyyou,youthere
278,278,heyyou,youthere
279,279,heyyou,youthere
280,280,heyyou,youthere
281,281,heyyou,youthere
282,282,heyyou,youthere
283,283,heyyou,youthere
284,284,heyyou,youthere
285,285,heyyou,youthere
286,286,heyyou,youthere
287,287,heyyou,youthere
288,288,heyyou,youthere
289,289,heyyou,youthere
290,290,heyyou,youthere
291,291,heyyou,youthere
292,292,heyyou,youthere
293,293,heyyou,youthere
294,294,heyyou,youthere
295,295,heyyou,youthere
296,296,heyyou,youthere
297,297,heyyou,youthere
298,298,heyyou,youthere
299,299,heyyou,youthere
300,300,heyyou,youthere
301,301,heyyou,youthere
302,302,heyyou,youthere
303,303,heyyou,youthere
304,304,heyyou,youthere
305,305,heyyou,youthere
306,306,heyyou,youthere
307,307,heyyou,youthere
308,308,heyyou,youthere
309,309,heyyou,youthere
310,310,heyyou,youthere
311,311,heyyou,youthere
312,312,heyyou,youthere
313,313,heyyou,youthere
314,314,heyyou,youthere
315,315,heyyou,youthere
316,316,heyyou,youthere
317,317,heyyou,youthere
318,318,heyyou,youthere
319,319,heyyou,youthere
320,320,heyyou,youthere
321,321,heyyou,youthere
322,322,heyyou,youthere
323,323,heyyou,youthere
324,324,heyyou,youthere
325,325,heyyou,youthere
326,326,heyyou,youthere
327,327,heyyou,youthere
328,328,heyyou,youthere
329,329,heyyou,youthere
330,330,heyyou,youthere
331,331,heyyou,youthere
332,332,heyyou,youthere
333,333,heyyou,youthere
334,334,heyyou,youthere
335,335,heyyou,youthere
336,336,heyyou,youthere
337,337,heyyou,youthere
338,338,heyyou,youthere
339,339,heyyou,youthere
340,340,heyyou,youthere
341,341,heyyou,youthere
342,342,heyyou,youthere
343,343,heyyou,youthere
344,344,heyyou,youthere
345,345,heyyou,youthere
346,346,heyyou,youthere
347,347,heyyou,youthere
348,348,heyyou,youthere
349,349,heyyou,youthere
350,350,heyyou,youthere
351,351,heyyou,youthere
352,352,heyyou,youthere
353,353,heyyou,youthere
354,354,heyyou,youthere
355,355,heyyou,youthere
356,356,heyyou,youthere
357,357,heyyou,youthere
358,358,heyyou,youthere
359,359,heyyou,youthere
360,360,heyyou,youthere
361,361,heyyou,youthere
362,362,heyyou,youthere
363,363,heyyou,youthere
364,364,heyyou,youthere
365,365,heyyou,youthere
366,366,heyyou,youthere
367,367,heyyou,youthere
368,368,heyyou,youthere
369,369,heyyou,youthere
370,370,heyyou,youthere
371,371,heyyou,youthere
372,372,heyyou,youthere
373,373,heyyou,youthere
374,374,heyyou,youthere
375,375,heyyou,youthere
376,376,heyyou,youthere
377,377,heyyou,youthere
378,378,heyyou,youthere
379,379,heyyou,youthere
380,380,heyyou,youthere
381,381,heyyou,youthere
382,382,heyyou,youthere
383,383,heyyou,youthere
384,384,heyyou,youthere
385,385,heyyou,youthere
386,386,heyyou,youthere
387,387,heyyou,youthere
388,388,heyyou,youthere
389,389,heyyou,youthere
390,390,heyyou,youthere
391,391,heyyou,youthere
392,392,heyyou,youthere
393,393,heyyou,youthere
394,394,heyyou,youthere
395,395,heyyou,youthere
396,396,heyyou,youthere
397,397,heyyou,youthere
398,398,heyyou,youthere
399,399,heyyou,youthere
400,400,heyyou,youthere
401,401,heyyou,youthere
402,402,heyyou,youthere
403,403,heyyou,youthere
404,404,heyyou,youthere
405,405,heyyou,youthere
406,406,heyyou,youthere
407,407,heyyou,youthere
408,408,heyyou,youthere
409,409,heyyou,youthere
410,410,heyyou,youthere
411,411,heyyou,youthere
412,412,heyyou,youthere
413,413,heyyou,youthere
414,414,heyyou,youthere
415,415,heyyou,youthere
416,416,heyyou,youthere
417,417,heyyou,youthere
418,418,heyyou,youthere
419,419,heyyou,youthere
420,420,heyyou,youthere
421,421,heyyou,youthere
422,422,heyyou,youthere
423,423,heyyou,youthere
424,424,heyyou,youthere
425,425,heyyou,youthere
426,426,heyyou,youthere
427,427,heyyou,youthere
428,428,heyyou,youthere
429,429,heyyou,youthere
430,430,heyyou,youthere
431,431,heyyou,youthere
432,432,heyyou,youthere
433,433,heyyou,youthere
434,434,heyyou,youthere
435,435,heyyou,youthere
436,436,heyyou,youthere
437,437,heyyou,youthere
438,438,heyyou,youthere
439,439,heyyou,youthere
440,440,heyyou,youthere
441,441,heyyou,youthere
442,442,heyyou,youthere
443,443,heyyou,youthere
444,444,heyyou,youthere
445,445,heyyou,youthere
446,446,heyyou,youthere
447,447,heyyou,youthere
448,448,heyyou,youthere
449,449,heyyou,youthere
450,450,heyyou,youthere
451,451,heyyou,youthere
452,452,heyyou,youthere
453,453,heyyou,youthere
454,454,heyyou,youthere
455,455,heyyou,youthere
456,456,heyyou,youthere
457,457,heyyou,youthere
458,458,heyyou,youthere
459,459,heyyou,youthere
460,460,heyyou,youthere
461,461,heyyou,youthere
462,462,heyyou,youthere
463,463,heyyou,youthere
464,464,heyyou,youthere
465,465,heyyou,youthere
466,466,heyyou,youthere
467,467,heyyou,youthere
468,468,heyyou,youthere
469,469,heyyou,youthere
470,470,heyyou,youthere
471,471,heyyou,youthere
472,472,heyyou,youthere
473,473,heyyou,youthere
474,474,heyyou,youthere
475,475,heyyou,youthere
476,476,heyyou,youthere
477,477,heyyou,youthere
478,478,heyyou,youthere
479,479,heyyou,youthere
480,480,heyyou,youthere
481,481,heyyou,youthere
482,482,heyyou,youthere
483,483,heyyou,youthere
484,484,heyyou,youthere
485,485,heyyou,youthere
486,486,heyyou,youthere
487,487,heyyou,youthere
488,488,heyyou,youthere
489,489,heyyou,youthere
490,490,heyyou,youthere
491,491,heyyou,youthere
492,492,heyyou,youthere
493,493,heyyou,youthere
494,494,heyyou,youthere
495,495,heyyou,youthere
496,496,heyyou,youthere
497,497,heyyou,youthere
498,498,heyyou,youthere
499,499,heyyou,youthere
500,500,heyyou,youthere
501,501,heyyou,youthere
502,502,heyyou,youthere
503,503,heyyou,youthere
504,504,heyyou,youthere
505,505,heyyou,youthere
506,506,heyyou,youthere
507,507,heyyou,youthere
508,508,heyyou,youthere
509,509,heyyou,youthere
510,510,heyyou,youthere
511,511,heyyou,youthere
512,512,heyyou,youthere
513,513,heyyou,youthere
514,514,heyyou,youthere
515,515,heyyou,youthere
516,516,heyyou,youthere
517,517,heyyou,youthere
518,518,heyyou,youthere
519,519,heyyou,youthere
520,520,heyyou,youthere
521,521,heyyou,youthere
522,522,heyyou,youthere
523,523,heyyou,youthere
524,524,heyyou,youthere
525,525,heyyou,youthere
526,526,heyyou,youthere
527,527,heyyou,youthere
528,528,heyyou,youthere
529,529,heyyou,youthere
530,530,heyyou,youthere
531,531,heyyou,youthere
532,532,heyyou,youthere
533,533,heyyou,youthere
534,534,heyyou,youthere
535,535,heyyou,youthere
536,536,heyyou,youthere
537,537,heyyou,youthere
538,538,heyyou,youthere
539,539,heyyou,youthere
540,540,heyyou,youthere
541,541,heyyou,youthere
542,542,heyyou,youthere
543,543,heyyou,youthere
544,544,heyyou,youthere
545,545,heyyou,youthere
546,546,heyyou,youthere
547,547,heyyou,youthere
548,548,heyyou,youthere
549,549,heyyou,youthere
550,550,heyyou,youthere
551,551,heyyou,youthere
552,552,heyyou,youthere
553,553,heyyou,youthere
554,554,heyyou,youthere
555,555,heyyou,youthere
556,556,heyyou,youthere
557,557,heyyou,youthere
558,558,heyyou,youthere
559,559,heyyou,youthere
560,560,heyyou,youthere
561,561,heyyou,youthere
562,562,heyyou,youthere
563,563,heyyou,youthere
564,564,heyyou,youthere
565,565,heyyou,youthere
566,566,heyyou,youthere
567,567,heyyou,youthere
568,568,heyyou,youthere
569,569,heyyou,youthere
570,570,heyyou,youthere
571,571,heyyou,youthere
572,572,heyyou,youthere
573,573,heyyou,youthere
574,574,heyyou,youthere
575,575,heyyou,youthere
576,576,heyyou,youthere
577,577,heyyou,youthere
578,578,heyyou,youthere
579,579,heyyou,youthere
580,580,heyyou,youthere
581,581,heyyou,youthere
582,582,heyyou,youthere
583,583,heyyou,youthere
584,584,heyyou,youthere
585,585,heyyou,youthere
586,586,heyyou,youthere
587,587,heyyou,youthere
588,588,heyyou,youthere
589,589,heyyou,youthere
590,590,heyyou,youthere
591,591,heyyou,youthere
592,592,heyyou,youthere
593,593,heyyou,youthere
594,594,heyyou,youthere
595,595,heyyou,youthere
596,596,heyyou,youthere
597,597,heyyou,youthere
598,598,heyyou,youthere
599,599,heyyou,youthere
600,600,heyyou,youthere
601,601,heyyou,youthere
602,602,heyyou,youthere
603,603,heyyou,youthere
604,604,heyyou,youthere
605,605,heyyou,youthere
606,606,heyyou,youthere
607,607,heyyou,youthere
608,608,heyyou,youthere
609,609,heyyou,youthere
610,610,heyyou,youthere
611,611,heyyou,youthere
612,612,heyyou,youthere
613,613,heyyou,youthere
614,614,heyyou,youthere
615,615,heyyou,youthere
616,616,heyyou,youthere
617,617,heyyou,youthere
618,618,heyyou,youthere
619,619,heyyou,youthere
620,620,heyyou,youthere
621,621,heyyou,youthere
622,622,heyyou,youthere
623,623,heyyou,youthere
624,624,heyyou,youthere
625,625,heyyou,youthere
626,626,heyyou,youthere
627,627,heyyou,youthere
628,628,heyyou,youthere
629,629,heyyou,youthere
630,630,heyyou,youthere
631,631,heyyou,youthere
632,632,heyyou,youthere
633,633,heyyou,youthere
634,634,heyyou,youthere
635,635,heyyou,youthere
636,636,heyyou,youthere
637,637,heyyou,youthere
638,638,heyyou,youthere
639,639,heyyou,youthere
640,640,heyyou,youthere
641,641,heyyou,youthere
642,642,heyyou,youthere
643,643,heyyou,youthere
644,644,heyyou,youthere
645,645,heyyou,youthere
646,646,heyyou,youthere
647,647,heyyou,youthere
648,648,heyyou,youthere
649,649,heyyou,youthere
650,650,heyyou,youthere
651,651,heyyou,youthere
652,652,heyyou,youthere
653,653,heyyou,youthere
654,654,heyyou,youthere
655,655,heyyou,youthere
656,656,heyyou,youthere
657,657,heyyou,youthere
658,658,heyyou,youthere
659,659,heyyou,youthere
660,660,heyyou,youthere
661,661,heyyou,youthere
662,662,heyyou,youthere
663,663,heyyou,youthere
664,664,heyyou,youthere
665,665,heyyou,youthere
666,666,heyyou,youthere
667,667,heyyou,youthere
668,668,heyyou,youthere
669,669,heyyou,youthere
670,670,heyyou,youthere
671,671,heyyou,youthere
672,672,heyyou,youthere
673,673,heyyou,youthere
674,674,heyyou,youthere
675,675,heyyou,youthere
676,676,heyyou,youthere
677,677,heyyou,youthere
678,678,heyyou,youthere
679,679,heyyou,youthere
680,680,heyyou,youthere
681,681,heyyou,youthere
682,682,heyyou,youthere
683,683,heyyou,youthere
684,684,heyyou,youthere
685,685,heyyou,youthere
686,686,heyyou,youthere
687,687,heyyou,youthere
688,688,heyyou,youthere
689,689,heyyou,youthere
690,690,heyyou,youthere
691,691,heyyou,youthere
692,692,heyyou,youthere
693,693,heyyou,youthere
694,694,heyyou,youthere
695,695,heyyou,youthere
696,696,heyyou,youthere
697,697,heyyou,youthere
698,698,heyyou,youthere
699,699,heyyou,youthere
700,700,heyyou,youthere
701,701,heyyou,youthere
702,702,heyyou,youthere
703,703,heyyou,youthere
704,704,heyyou,youthere
705,705,heyyou,youthere
706,706,heyyou,youthere
707,707,heyyou,youthere
708,708,heyyou,youthere
709,709,heyyou,youthere
710,710,heyyou,youthere
711,711,heyyou,youthere
712,712,heyyou,youthere
713,713,heyyou,youthere
714,714,heyyou,youthere
715,715,heyyou,youthere
716,716,heyyou,youthere
717,717,heyyou,youthere
718,718,heyyou,youthere
719,719,heyyou,youthere
720,720,heyyou,youthere
721,721,heyyou,youthere
722,722,heyyou,youthere
723,723,heyyou,youthere
724,724,heyyou,youthere
725,725,heyyou,youthere
726,726,heyyou,youthere
727,727,heyyou,youthere
728,728,heyyou,youthere
729,729,heyyou,youthere
730,730,heyyou,youthere
731,731,heyyou,youthere
732,732,heyyou,youthere
733,733,heyyou,youthere
734,734,heyyou,youthere
735,735,heyyou,youthere
736,736,heyyou,youthere
737,737,heyyou,youthere
738,738,heyyou,youthere
739,739,heyyou,youthere
740,740,heyyou,youthere
741,741,heyyou,youthere
742,742,heyyou,youthere
743,743,heyyou,youthere
744,744,heyyou,youthere
745,745,heyyou,youthere
746,746,heyyou,youthere
747,747,heyyou,youthere
748,748,heyyou,youthere
749,749,heyyou,youthere
750,750,heyyou,youthere
751,751,heyyou,youthere
752,752,heyyou,youthere
753,753,heyyou,youthere
754,754,heyyou,youthere
755,755,heyyou,youthere
756,756,heyyou,youthere
757,757,heyyou,youthere
758,758,heyyou,youthere
759,759,heyyou,youthere
760,760,heyyou,youthere
761,761,heyyou,youthere
762,762,heyyou,youthere
763,763,heyyou,youthere
764,764,heyyou,youthere
765,765,heyyou,youthere
766,766,heyyou,youthere
767,767,heyyou,youthere
768,768,heyyou,youthere
769,769,heyyou,youthere
770,770,heyyou,youthere
771,771,heyyou,youthere
772,772,heyyou,youthere
773,773,heyyou,youthere
774,774,heyyou,youthere
775,775,heyyou,youthere
776,776,heyyou,youthere
777,777,heyyou,youthere
778,778,heyyou,youthere
779,779,heyyou,youthere
780,780,heyyou,youthere
781,781,heyyou,youthere
782,782,heyyou,youthere
783,783,heyyou,youthere
784,784,heyyou,youthere
785,785,heyyou,youthere
786,786,heyyou,youthere
787,787,heyyou,youthere
788,788,heyyou,youthere
789,789,heyyou,youthere
790,790,heyyou,youthere
791,791,heyyou,youthere
792,792,heyyou,youthere
793,793,heyyou,youthere
794,794,heyyou,youthere
795,795,heyyou,youthere
796,796,heyyou,youthere
797,797,heyyou,youthere
798,798,heyyou,youthere
799,799,heyyou,youthere
800,800,heyyou,youthere
801,801,heyyou,youthere
802,802,heyyou,youthere
803,803,heyyou,youthere
804,804,heyyou,youthere
805,805,heyyou,youthere
806,806,heyyou,youthere
807,807,heyyou,youthere
808,808,heyyou,youthere
809,809,heyyou,youthere
810,810,heyyou,youthere
811,811,heyyou,youthere
812,812,heyyou,youthere
813,813,heyyou,youthere
814,814,heyyou,youthere
815,815,heyyou,youthere
816,816,heyyou,youthere
817,817,heyyou,youthere
818,818,heyyou,youthere
819,819,heyyou,youthere
820,820,heyyou,youthere
821,821,heyyou,youthere
822,822,heyyou,youthere
823,823,heyyou,youthere
824,824,heyyou,youthere
825,825,heyyou,youthere
826,826,heyyou,youthere
827,827,heyyou,youthere
828,828,heyyou,youthere
829,829,heyyou,youthere
830,830,heyyou,youthere
831,831,heyyou,youthere
832,832,heyyou,youthere
833,833,heyyou,youthere
834,834,heyyou,youthere
835,835,heyyou,youthere
836,836,heyyou,youthere
837,837,heyyou,youthere
838,838,heyyou,youthere
839,839,heyyou,youthere
840,840,heyyou,youthere
841,841,heyyou,youthere
842,842,heyyou,youthere
843,843,heyyou,youthere
844,844,heyyou,youthere
845,845,heyyou,youthere
846,846,heyyou,youthere
847,847,heyyou,youthere
848,848,heyyou,youthere
849,849,heyyou,youthere
850,850,heyyou,youthere
851,851,heyyou,youthere
852,852,heyyou,youthere
853,853,heyyou,youthere
854,854,heyyou,youthere
855,855,heyyou,youthere
856,856,heyyou,youthere
857,857,heyyou,youthere
858,858,heyyou,youthere
859,859,heyyou,youthere
860,860,heyyou,youthere
861,861,heyyou,youthere
862,862,heyyou,youthere
863,863,heyyou,youthere
864,864,heyyou,youthere
865,865,heyyou,youthere
866,866,heyyou,youthere
867,867,heyyou,youthere
868,868,heyyou,youthere
869,869,heyyou,youthere
870,870,heyyou,youthere
871,871,heyyou,youthere
872,872,heyyou,youthere
873,873,heyyou,youthere
874,874,heyyou,youthere
875,875,heyyou,youthere
876,876,heyyou,youthere
877,877,heyyou,youthere
878,878,heyyou,youthere
879,879,heyyou,youthere
880,880,heyyou,youthere
881,881,heyyou,youthere
882,882,heyyou,youthere
883,883,heyyou,youthere
884,884,heyyou,youthere
885,885,heyyou,youthere
886,886,heyyou,youthere
887,887,heyyou,youthere
888,888,heyyou,youthere
889,889,heyyou,youthere
890,890,heyyou,youthere
891,891,heyyou,youthere
892,892,heyyou,youthere
893,893,heyyou,youthere
894,894,heyyou,youthere
895,895,heyyou,youthere
896,896,heyyou,youthere
897,897,heyyou,youthere
898,898,heyyou,youthere
899,899,heyyou,youthere
900,900,heyyou,youthere
901,901,heyyou,youthere
902,902,heyyou,youthere
903,903,heyyou,youthere
904,904,heyyou,youthere
905,905,heyyou,youthere
906,906,heyyou,youthere
907,907,heyyou,youthere
908,908,heyyou,youthere
909,909,heyyou,youthere
910,910,heyyou,youthere
911,911,heyyou,youthere
912,912,heyyou,youthere
913,913,heyyou,youthere
914,914,heyyou,youthere
915,915,heyyou,youthere
916,916,heyyou,youthere
917,917,heyyou,youthere
918,918,heyyou,youthere
919,919,heyyou,youthere
920,920,heyyou,youthere
921,921,heyyou,youthere
922,922,heyyou,youthere
923,923,heyyou,youthere
924,924,heyyou,youthere
925,925,heyyou,youthere
926,926,heyyou,youthere
927,927,heyyou,youthere
928,928,heyyou,youthere
929,929,heyyou,youthere
930,930,heyyou,youthere
931,931,heyyou,youthere
932,932,heyyou,youthere
933,933,heyyou,youthere
934,934,heyyou,youthere
935,935,heyyou,youthere
936,936,heyyou,youthere
937,937,heyyou,youthere
938,938,heyyou,youthere
939,939,heyyou,youthere
940,940,heyyou,youthere
941,941,heyyou,youthere
942,942,heyyou,youthere
943,943,heyyou,youthere
944,944,heyyou,youthere
945,945,heyyou,youthere
946,946,heyyou,youthere
947,947,heyyou,youthere
948,948,heyyou,youthere
949,949,heyyou,youthere
950,950,heyyou,youthere
951,951,heyyou,youthere
952,952,heyyou,youthere
953,953,heyyou,youthere
954,954,heyyou,youthere
955,955,heyyou,youthere
956,956,heyyou,youthere
957,957,heyyou,youthere
958,958,heyyou,youthere
959,959,heyyou,youthere
960,960,heyyou,youthere
961,961,heyyou,youthere
962,962,heyyou,youthere
963,963,heyyou,youthere
964,964,heyyou,youthere
965,965,heyyou,youthere
966,966,heyyou,youthere
967,967,heyyou,youthere
968,968,heyyou,youthere
969,969,heyyou,youthere
970,970,heyyou,youthere
971,971,heyyou,youthere
972,972,heyyou,youthere
973,973,heyyou,youthere
974,974,heyyou,youthere
975,975,heyyou,youthere
976,976,heyyou,youthere
977,977,heyyou,youthere
978,978,heyyou,youthere
979,979,heyyou,youthere
980,980,heyyou,youthere
981,981,heyyou,youthere
982,982,heyyou,youthere
983,983,heyyou,youthere
984,984,heyyou,youthere
985,985,heyyou,youthere
986,986,heyyou,youthere
987,987,heyyou,youthere
988,988,heyyou,youthere
989,989,heyyou,youthere
990,990,heyyou,youthere
991,991,heyyou,youthere
992,992,heyyou,youthere
993,993,heyyou,youthere
994,994,heyyou,youthere
995,995,heyyou,youthere
996,996,heyyou,youthere
997,997,heyyou,youthere
998,998,heyyou,youthere
999,999,heyyou,youthere
1000,1000,heyyou,youthere
