id,userid,tag_name
34,34,Sexy
44,44,Sexy
57,57,Sexy
78,78,Sexy
113,113,Sexy
140,140,Sexy
160,160,Sexy
165,165,Sexy
184,184,Sexy
194,194,Sexy
256,256,Sexy
262,262,Sexy
275,275,Sexy
288,288,Sexy
310,310,Sexy
313,313,Sexy
324,324,Sexy
363,363,Sexy
412,412,Sexy
416,416,Sexy
436,436,Sexy
446,446,Sexy
459,459,Sexy
475,475,Sexy
484,484,Sexy
493,493,Sexy
519,519,Sexy
536,536,Sexy
546,546,Sexy
548,548,Sexy
576,576,Sexy
579,579,Sexy
598,598,Sexy
626,626,Sexy
651,651,Sexy
654,654,Sexy
663,663,Sexy
699,699,Sexy
711,711,Sexy
730,730,Sexy
760,760,Sexy
765,765,Sexy
768,768,Sexy
795,795,Sexy
802,802,Sexy
803,803,Sexy
810,810,Sexy
822,822,Sexy
840,840,Sexy
847,847,Sexy
886,886,Sexy
925,925,Sexy
932,932,Sexy
942,942,Sexy
947,947,Sexy
959,959,Sexy
960,960,Sexy
1025,25,ProudMama
1027,27,ProudMama
1031,31,ProudMama
1072,72,ProudMama
1076,76,ProudMama
1090,90,ProudMama
1111,111,ProudMama
1113,113,ProudMama
1122,122,ProudMama
1127,127,ProudMama
1136,136,ProudMama
1194,194,ProudMama
1198,198,ProudMama
1201,201,ProudMama
1217,217,ProudMama
1260,260,ProudMama
1261,261,ProudMama
1279,279,ProudMama
1296,296,ProudMama
1301,301,ProudMama
1309,309,ProudMama
1339,339,ProudMama
1379,379,ProudMama
1415,415,ProudMama
1432,432,ProudMama
1456,456,ProudMama
1479,479,ProudMama
1482,482,ProudMama
1484,484,ProudMama
1496,496,ProudMama
1505,505,ProudMama
1551,551,ProudMama
1572,572,ProudMama
1580,580,ProudMama
1584,584,ProudMama
1592,592,ProudMama
1607,607,ProudMama
1610,610,ProudMama
1619,619,ProudMama
1650,650,ProudMama
1653,653,ProudMama
1671,671,ProudMama
1688,688,ProudMama
1692,692,ProudMama
1711,711,ProudMama
1724,724,ProudMama
1726,726,ProudMama
1749,749,ProudMama
1764,764,ProudMama
1767,767,ProudMama
1800,800,ProudMama
1817,817,ProudMama
1855,855,ProudMama
1882,882,ProudMama
1918,918,ProudMama
1924,924,ProudMama
2016,16,bogoss
2017,17,bogoss
2037,37,bogoss
2078,78,bogoss
2085,85,bogoss
2086,86,bogoss
2104,104,bogoss
2114,114,bogoss
2134,134,bogoss
2138,138,bogoss
2162,162,bogoss
2172,172,bogoss
2183,183,bogoss
2196,196,bogoss
2202,202,bogoss
2246,246,bogoss
2253,253,bogoss
2288,288,bogoss
2311,311,bogoss
2337,337,bogoss
2343,343,bogoss
2349,349,bogoss
2358,358,bogoss
2366,366,bogoss
2375,375,bogoss
2435,435,bogoss
2455,455,bogoss
2462,462,bogoss
2464,464,bogoss
2468,468,bogoss
2485,485,bogoss
2494,494,bogoss
2496,496,bogoss
2500,500,bogoss
2515,515,bogoss
2595,595,bogoss
2596,596,bogoss
2604,604,bogoss
2613,613,bogoss
2680,680,bogoss
2708,708,bogoss
2709,709,bogoss
2721,721,bogoss
2775,775,bogoss
2778,778,bogoss
2791,791,bogoss
2798,798,bogoss
2801,801,bogoss
2810,810,bogoss
2817,817,bogoss
2837,837,bogoss
2843,843,bogoss
2845,845,bogoss
2861,861,bogoss
2875,875,bogoss
2881,881,bogoss
2884,884,bogoss
2916,916,bogoss
2919,919,bogoss
2922,922,bogoss
2937,937,bogoss
2983,983,bogoss
2990,990,bogoss
2998,998,bogoss
3026,26,cheum
3066,66,cheum
3078,78,cheum
3130,130,cheum
3136,136,cheum
3171,171,cheum
3176,176,cheum
3186,186,cheum
3188,188,cheum
3224,224,cheum
3229,229,cheum
3245,245,cheum
3325,325,cheum
3327,327,cheum
3335,335,cheum
3386,386,cheum
3419,419,cheum
3465,465,cheum
3480,480,cheum
3497,497,cheum
3511,511,cheum
3574,574,cheum
3584,584,cheum
3590,590,cheum
3592,592,cheum
3598,598,cheum
3605,605,cheum
3622,622,cheum
3630,630,cheum
3644,644,cheum
3646,646,cheum
3651,651,cheum
3667,667,cheum
3670,670,cheum
3703,703,cheum
3709,709,cheum
3721,721,cheum
3726,726,cheum
3733,733,cheum
3763,763,cheum
3801,801,cheum
3830,830,cheum
3861,861,cheum
3873,873,cheum
3911,911,cheum
3935,935,cheum
3989,989,cheum
3990,990,cheum
4023,23,milf
4030,30,milf
4060,60,milf
4068,68,milf
4092,92,milf
4101,101,milf
4132,132,milf
4208,208,milf
4223,223,milf
4238,238,milf
4264,264,milf
4267,267,milf
4328,328,milf
4338,338,milf
4372,372,milf
4378,378,milf
4403,403,milf
4457,457,milf
4476,476,milf
4486,486,milf
4499,499,milf
4501,501,milf
4503,503,milf
4545,545,milf
4550,550,milf
4551,551,milf
4586,586,milf
4594,594,milf
4599,599,milf
4601,601,milf
4604,604,milf
4617,617,milf
4629,629,milf
4636,636,milf
4645,645,milf
4648,648,milf
4679,679,milf
4718,718,milf
4721,721,milf
4734,734,milf
4746,746,milf
4774,774,milf
4780,780,milf
4793,793,milf
4838,838,milf
4845,845,milf
4853,853,milf
4858,858,milf
4861,861,milf
4902,902,milf
4925,925,milf
4931,931,milf
4941,941,milf
4950,950,milf
5017,17,tbm
5024,24,tbm
5048,48,tbm
5059,59,tbm
5062,62,tbm
5075,75,tbm
5089,89,tbm
5126,126,tbm
5127,127,tbm
5146,146,tbm
5164,164,tbm
5167,167,tbm
5207,207,tbm
5247,247,tbm
5276,276,tbm
5291,291,tbm
5304,304,tbm
5314,314,tbm
5322,322,tbm
5346,346,tbm
5362,362,tbm
5373,373,tbm
5396,396,tbm
5397,397,tbm
5446,446,tbm
5456,456,tbm
5534,534,tbm
5545,545,tbm
5571,571,tbm
5572,572,tbm
5573,573,tbm
5576,576,tbm
5619,619,tbm
5632,632,tbm
5645,645,tbm
5648,648,tbm
5652,652,tbm
5685,685,tbm
5702,702,tbm
5716,716,tbm
5730,730,tbm
5739,739,tbm
5751,751,tbm
5761,761,tbm
5768,768,tbm
5795,795,tbm
5797,797,tbm
5810,810,tbm
5815,815,tbm
5832,832,tbm
5878,878,tbm
5901,901,tbm
5917,917,tbm
5949,949,tbm
6031,31,6packs
6039,39,6packs
6043,43,6packs
6063,63,6packs
6069,69,6packs
6079,79,6packs
6107,107,6packs
6118,118,6packs
6143,143,6packs
6172,172,6packs
6177,177,6packs
6179,179,6packs
6218,218,6packs
6223,223,6packs
6233,233,6packs
6236,236,6packs
6264,264,6packs
6267,267,6packs
6349,349,6packs
6374,374,6packs
6383,383,6packs
6393,393,6packs
6405,405,6packs
6432,432,6packs
6437,437,6packs
6502,502,6packs
6511,511,6packs
6520,520,6packs
6525,525,6packs
6534,534,6packs
6537,537,6packs
6539,539,6packs
6542,542,6packs
6590,590,6packs
6623,623,6packs
6625,625,6packs
6677,677,6packs
6707,707,6packs
6749,749,6packs
6783,783,6packs
6789,789,6packs
6792,792,6packs
6802,802,6packs
6811,811,6packs
6813,813,6packs
6818,818,6packs
6871,871,6packs
6924,924,6packs
6950,950,6packs
6966,966,6packs
6999,999,6packs
7007,7,Vegan
7015,15,Vegan
7023,23,Vegan
7103,103,Vegan
7112,112,Vegan
7124,124,Vegan
7134,134,Vegan
7159,159,Vegan
7230,230,Vegan
7284,284,Vegan
7308,308,Vegan
7325,325,Vegan
7359,359,Vegan
7361,361,Vegan
7362,362,Vegan
7394,394,Vegan
7398,398,Vegan
7424,424,Vegan
7515,515,Vegan
7518,518,Vegan
7553,553,Vegan
7574,574,Vegan
7585,585,Vegan
7600,600,Vegan
7601,601,Vegan
7602,602,Vegan
7626,626,Vegan
7634,634,Vegan
7636,636,Vegan
7672,672,Vegan
7688,688,Vegan
7689,689,Vegan
7691,691,Vegan
7761,761,Vegan
7766,766,Vegan
7813,813,Vegan
7820,820,Vegan
7838,838,Vegan
7860,860,Vegan
7862,862,Vegan
7875,875,Vegan
7916,916,Vegan
7929,929,Vegan
7968,968,Vegan
8003,3,abs
8020,20,abs
8025,25,abs
8037,37,abs
8040,40,abs
8073,73,abs
8078,78,abs
8089,89,abs
8103,103,abs
8177,177,abs
8193,193,abs
8207,207,abs
8210,210,abs
8229,229,abs
8233,233,abs
8253,253,abs
8259,259,abs
8267,267,abs
8300,300,abs
8310,310,abs
8336,336,abs
8371,371,abs
8408,408,abs
8466,466,abs
8507,507,abs
8509,509,abs
8546,546,abs
8563,563,abs
8576,576,abs
8588,588,abs
8611,611,abs
8647,647,abs
8653,653,abs
8698,698,abs
8728,728,abs
8795,795,abs
8801,801,abs
8837,837,abs
8881,881,abs
8900,900,abs
8917,917,abs
8941,941,abs
8969,969,abs
9003,3,YummyMommy
9068,68,YummyMommy
9090,90,YummyMommy
9114,114,YummyMommy
9133,133,YummyMommy
9135,135,YummyMommy
9148,148,YummyMommy
9164,164,YummyMommy
9179,179,YummyMommy
9233,233,YummyMommy
9258,258,YummyMommy
9265,265,YummyMommy
9287,287,YummyMommy
9289,289,YummyMommy
9290,290,YummyMommy
9294,294,YummyMommy
9297,297,YummyMommy
9334,334,YummyMommy
9347,347,YummyMommy
9352,352,YummyMommy
9381,381,YummyMommy
9404,404,YummyMommy
9424,424,YummyMommy
9465,465,YummyMommy
9470,470,YummyMommy
9471,471,YummyMommy
9483,483,YummyMommy
9510,510,YummyMommy
9516,516,YummyMommy
9525,525,YummyMommy
9561,561,YummyMommy
9571,571,YummyMommy
9574,574,YummyMommy
9596,596,YummyMommy
9609,609,YummyMommy
9629,629,YummyMommy
9645,645,YummyMommy
9650,650,YummyMommy
9659,659,YummyMommy
9711,711,YummyMommy
9741,741,YummyMommy
9819,819,YummyMommy
9864,864,YummyMommy
9887,887,YummyMommy
9908,908,YummyMommy
9909,909,YummyMommy
9910,910,YummyMommy
9918,918,YummyMommy
9925,925,YummyMommy
9961,961,YummyMommy
9977,977,YummyMommy
9994,994,YummyMommy
10009,9,Asian
10028,28,Asian
10051,51,Asian
10074,74,Asian
10103,103,Asian
10131,131,Asian
10135,135,Asian
10144,144,Asian
10148,148,Asian
10150,150,Asian
10161,161,Asian
10199,199,Asian
10222,222,Asian
10224,224,Asian
10256,256,Asian
10279,279,Asian
10286,286,Asian
10314,314,Asian
10331,331,Asian
10340,340,Asian
10354,354,Asian
10361,361,Asian
10368,368,Asian
10404,404,Asian
10413,413,Asian
10440,440,Asian
10445,445,Asian
10458,458,Asian
10473,473,Asian
10483,483,Asian
10506,506,Asian
10508,508,Asian
10577,577,Asian
10581,581,Asian
10585,585,Asian
10599,599,Asian
10655,655,Asian
10668,668,Asian
10677,677,Asian
10708,708,Asian
10758,758,Asian
10793,793,Asian
10805,805,Asian
10807,807,Asian
10830,830,Asian
10839,839,Asian
10851,851,Asian
10875,875,Asian
10884,884,Asian
10906,906,Asian
10908,908,Asian
10921,921,Asian
10969,969,Asian
11009,9,bbw
11027,27,bbw
11060,60,bbw
11061,61,bbw
11079,79,bbw
11091,91,bbw
11129,129,bbw
11135,135,bbw
11137,137,bbw
11147,147,bbw
11161,161,bbw
11225,225,bbw
11280,280,bbw
11344,344,bbw
11356,356,bbw
11394,394,bbw
11396,396,bbw
11416,416,bbw
11428,428,bbw
11462,462,bbw
11464,464,bbw
11499,499,bbw
11522,522,bbw
11538,538,bbw
11545,545,bbw
11560,560,bbw
11564,564,bbw
11575,575,bbw
11581,581,bbw
11583,583,bbw
11593,593,bbw
11597,597,bbw
11600,600,bbw
11605,605,bbw
11636,636,bbw
11661,661,bbw
11664,664,bbw
11675,675,bbw
11691,691,bbw
11777,777,bbw
11791,791,bbw
11794,794,bbw
11798,798,bbw
11806,806,bbw
11812,812,bbw
11861,861,bbw
11867,867,bbw
11920,920,bbw
11971,971,bbw
11989,989,bbw
11999,999,bbw
id,userid,tag_name
12004,4,FreeTheNipples
12024,24,FreeTheNipples
12036,36,FreeTheNipples
12037,37,FreeTheNipples
12042,42,FreeTheNipples
12096,96,FreeTheNipples
12124,124,FreeTheNipples
12138,138,FreeTheNipples
12144,144,FreeTheNipples
12169,169,FreeTheNipples
12198,198,FreeTheNipples
12221,221,FreeTheNipples
12235,235,FreeTheNipples
12245,245,FreeTheNipples
12265,265,FreeTheNipples
12283,283,FreeTheNipples
12291,291,FreeTheNipples
12297,297,FreeTheNipples
12299,299,FreeTheNipples
12341,341,FreeTheNipples
12343,343,FreeTheNipples
12363,363,FreeTheNipples
12365,365,FreeTheNipples
12366,366,FreeTheNipples
12400,400,FreeTheNipples
12427,427,FreeTheNipples
12428,428,FreeTheNipples
12470,470,FreeTheNipples
12475,475,FreeTheNipples
12478,478,FreeTheNipples
12485,485,FreeTheNipples
12494,494,FreeTheNipples
12566,566,FreeTheNipples
12638,638,FreeTheNipples
12640,640,FreeTheNipples
12649,649,FreeTheNipples
12664,664,FreeTheNipples
12672,672,FreeTheNipples
12742,742,FreeTheNipples
12754,754,FreeTheNipples
12776,776,FreeTheNipples
12814,814,FreeTheNipples
12827,827,FreeTheNipples
12841,841,FreeTheNipples
12845,845,FreeTheNipples
12922,922,FreeTheNipples
12933,933,FreeTheNipples
12966,966,FreeTheNipples
12970,970,FreeTheNipples
13036,36,Healthy
13071,71,Healthy
13101,101,Healthy
13104,104,Healthy
13106,106,Healthy
13128,128,Healthy
13130,130,Healthy
13146,146,Healthy
13176,176,Healthy
13209,209,Healthy
13240,240,Healthy
13285,285,Healthy
13303,303,Healthy
13309,309,Healthy
13346,346,Healthy
13373,373,Healthy
13388,388,Healthy
13439,439,Healthy
13489,489,Healthy
13498,498,Healthy
13505,505,Healthy
13512,512,Healthy
13531,531,Healthy
13534,534,Healthy
13546,546,Healthy
13562,562,Healthy
13578,578,Healthy
13582,582,Healthy
13586,586,Healthy
13592,592,Healthy
13596,596,Healthy
13601,601,Healthy
13606,606,Healthy
13620,620,Healthy
13631,631,Healthy
13632,632,Healthy
13651,651,Healthy
13656,656,Healthy
13658,658,Healthy
13671,671,Healthy
13689,689,Healthy
13695,695,Healthy
13714,714,Healthy
13717,717,Healthy
13723,723,Healthy
13793,793,Healthy
13848,848,Healthy
13883,883,Healthy
13899,899,Healthy
13906,906,Healthy
13929,929,Healthy
13959,959,Healthy
13963,963,Healthy
13984,984,Healthy
13994,994,Healthy
14008,8,Black
14020,20,Black
14060,60,Black
14065,65,Black
14075,75,Black
14086,86,Black
14107,107,Black
14113,113,Black
14132,132,Black
14152,152,Black
14155,155,Black
14159,159,Black
14161,161,Black
14171,171,Black
14206,206,Black
14237,237,Black
14238,238,Black
14242,242,Black
14251,251,Black
14258,258,Black
14304,304,Black
14337,337,Black
14356,356,Black
14374,374,Black
14381,381,Black
14385,385,Black
14396,396,Black
14407,407,Black
14408,408,Black
14414,414,Black
14424,424,Black
14435,435,Black
14445,445,Black
14451,451,Black
14462,462,Black
14501,501,Black
14502,502,Black
14522,522,Black
14529,529,Black
14554,554,Black
14555,555,Black
14557,557,Black
14558,558,Black
14583,583,Black
14585,585,Black
14607,607,Black
14610,610,Black
14620,620,Black
14635,635,Black
14733,733,Black
14739,739,Black
14746,746,Black
14773,773,Black
14781,781,Black
14784,784,Black
14799,799,Black
14831,831,Black
14859,859,Black
14873,873,Black
14907,907,Black
14920,920,Black
14934,934,Black
14954,954,Black
14957,957,Black
14990,990,Black
15025,25,QueenOfSpade
15056,56,QueenOfSpade
15058,58,QueenOfSpade
15071,71,QueenOfSpade
15110,110,QueenOfSpade
15128,128,QueenOfSpade
15157,157,QueenOfSpade
15177,177,QueenOfSpade
15183,183,QueenOfSpade
15199,199,QueenOfSpade
15201,201,QueenOfSpade
15246,246,QueenOfSpade
15279,279,QueenOfSpade
15283,283,QueenOfSpade
15285,285,QueenOfSpade
15296,296,QueenOfSpade
15313,313,QueenOfSpade
15332,332,QueenOfSpade
15388,388,QueenOfSpade
15404,404,QueenOfSpade
15405,405,QueenOfSpade
15423,423,QueenOfSpade
15451,451,QueenOfSpade
15481,481,QueenOfSpade
15536,536,QueenOfSpade
15540,540,QueenOfSpade
15623,623,QueenOfSpade
15630,630,QueenOfSpade
15657,657,QueenOfSpade
15673,673,QueenOfSpade
15705,705,QueenOfSpade
15742,742,QueenOfSpade
15799,799,QueenOfSpade
15813,813,QueenOfSpade
15818,818,QueenOfSpade
15835,835,QueenOfSpade
15863,863,QueenOfSpade
15881,881,QueenOfSpade
15889,889,QueenOfSpade
15924,924,QueenOfSpade
15939,939,QueenOfSpade
15954,954,QueenOfSpade
15957,957,QueenOfSpade
15975,975,QueenOfSpade

